{"cameraMode":{"drawMode":0,"name":"Shaded","section":"Shading Mode"},"sceneLighting":false,"audioPlay":false,"sceneViewState":{"m_AlwaysRefresh":false,"showFog":true,"showSkybox":true,"showFlares":true,"showImageEffects":true,"showParticleSystems":true,"showVisualEffectGraphs":true,"m_FxEnabled":true},"in2DMode":false,"pivot":{"x":-40.37332534790039,"y":-11.440971374511719,"z":125.08717346191406},"rotation":{"x":0.0954987183213234,"y":-0.25627410411834719,"z":0.025523321703076364,"w":0.9616677165031433},"size":47.15496063232422,"orthographic":false}