{"cameraMode":{"drawMode":0,"name":"Shaded","section":"Shading Mode"},"sceneLighting":false,"audioPlay":false,"sceneViewState":{"m_AlwaysRefresh":false,"showFog":true,"showSkybox":true,"showFlares":true,"showImageEffects":true,"showParticleSystems":true,"showVisualEffectGraphs":true,"m_FxEnabled":true},"in2DMode":false,"pivot":{"x":1.1349382400512696,"y":18.561534881591798,"z":130.42286682128907},"rotation":{"x":-0.40280529856681826,"y":0.3432430028915405,"z":-0.20821157097816468,"w":-0.8227331042289734},"size":15.646463394165039,"orthographic":false}