{"cameraMode":{"drawMode":0,"name":"Shaded","section":"Shading Mode"},"sceneLighting":false,"audioPlay":false,"sceneViewState":{"m_AlwaysRefresh":false,"showFog":true,"showSkybox":true,"showFlares":true,"showImageEffects":true,"showParticleSystems":true,"showVisualEffectGraphs":true,"m_FxEnabled":true},"in2DMode":false,"pivot":{"x":-21.253570556640626,"y":23.070499420166017,"z":215.37741088867188},"rotation":{"x":0.2021728754043579,"y":-0.7960630655288696,"z":0.43576309084892275,"w":0.36856159567832949},"size":9.079113006591797,"orthographic":false}