{"cameraMode":{"drawMode":0,"name":"Shaded","section":"Shading Mode"},"sceneLighting":false,"audioPlay":false,"sceneViewState":{"m_AlwaysRefresh":false,"showFog":true,"showSkybox":true,"showFlares":true,"showImageEffects":true,"showParticleSystems":true,"showVisualEffectGraphs":true,"m_FxEnabled":true},"in2DMode":false,"pivot":{"x":9.187286376953125,"y":4.626766681671143,"z":144.91770935058595},"rotation":{"x":0.006035137921571732,"y":-0.7229602336883545,"z":-0.007010807283222675,"w":-0.6960241794586182},"size":1.9986658096313477,"orthographic":false}