{"cameraMode":{"drawMode":0,"name":"Shaded","section":"Shading Mode"},"sceneLighting":false,"audioPlay":false,"sceneViewState":{"m_AlwaysRefresh":false,"showFog":true,"showSkybox":true,"showFlares":true,"showImageEffects":true,"showParticleSystems":true,"showVisualEffectGraphs":true,"m_FxEnabled":true},"in2DMode":false,"pivot":{"x":-14.433886528015137,"y":21.964555740356447,"z":211.40293884277345},"rotation":{"x":-0.009895247407257557,"y":0.9757545590400696,"z":-0.21410374343395234,"w":-0.04512181505560875},"size":3.6017746925354006,"orthographic":false}