{"cameraMode":{"drawMode":0,"name":"Shaded","section":"Shading Mode"},"sceneLighting":false,"audioPlay":false,"sceneViewState":{"m_AlwaysRefresh":false,"showFog":true,"showSkybox":true,"showFlares":true,"showImageEffects":true,"showParticleSystems":true,"showVisualEffectGraphs":true,"m_FxEnabled":true},"in2DMode":false,"pivot":{"x":13.664438247680664,"y":4.948134422302246,"z":155.72201538085938},"rotation":{"x":0.10315403342247009,"y":0.17609143257141114,"z":-0.018554994836449624,"w":0.9788029789924622},"size":12.12435531616211,"orthographic":false}