{"cameraMode":{"drawMode":0,"name":"Shaded","section":"Shading Mode"},"sceneLighting":false,"audioPlay":false,"sceneViewState":{"m_AlwaysRefresh":false,"showFog":true,"showSkybox":true,"showFlares":true,"showImageEffects":true,"showParticleSystems":true,"showVisualEffectGraphs":true,"m_FxEnabled":true},"in2DMode":false,"pivot":{"x":-45.333892822265628,"y":-18.261749267578126,"z":193.86683654785157},"rotation":{"x":-0.013406939804553986,"y":0.876575767993927,"z":-0.48521965742111208,"w":0.01314062811434269},"size":130.4896697998047,"orthographic":false}