{"cameraMode":{"drawMode":0,"name":"Shaded","section":"Shading Mode"},"sceneLighting":false,"audioPlay":false,"sceneViewState":{"m_AlwaysRefresh":false,"showFog":true,"showSkybox":true,"showFlares":true,"showImageEffects":true,"showParticleSystems":true,"showVisualEffectGraphs":true,"m_FxEnabled":true},"in2DMode":false,"pivot":{"x":252.50718688964845,"y":-6.633373260498047,"z":134.9621124267578},"rotation":{"x":0.23677515983581544,"y":0.11656376719474793,"z":-0.02862028032541275,"w":0.9641629457473755},"size":14.758589744567871,"orthographic":false}