{"cameraMode":{"drawMode":0,"name":"Shaded","section":"Shading Mode"},"sceneLighting":false,"audioPlay":false,"sceneViewState":{"m_AlwaysRefresh":false,"showFog":true,"showSkybox":true,"showFlares":true,"showImageEffects":true,"showParticleSystems":true,"showVisualEffectGraphs":true,"m_FxEnabled":true},"in2DMode":false,"pivot":{"x":-37.475833892822269,"y":13.650430679321289,"z":28.828821182250978},"rotation":{"x":-0.0034831895027309658,"y":-0.9300694465637207,"z":0.3680383265018463,"w":-0.006963737308979034},"size":48.08953857421875,"orthographic":false}