{"cameraMode":{"drawMode":0,"name":"Shaded","section":"Shading Mode"},"sceneLighting":false,"audioPlay":false,"sceneViewState":{"m_AlwaysRefresh":false,"showFog":true,"showSkybox":true,"showFlares":true,"showImageEffects":true,"showParticleSystems":true,"showVisualEffectGraphs":true,"m_FxEnabled":true},"in2DMode":false,"pivot":{"x":-86.20281982421875,"y":3.927549362182617,"z":138.97940063476563},"rotation":{"x":0.057692546397447589,"y":0.9489026069641113,"z":-0.2484942227602005,"w":0.19311043620109559},"size":13.844226837158204,"orthographic":false}