{"cameraMode":{"drawMode":0,"name":"Shaded","section":"Shading Mode"},"sceneLighting":false,"audioPlay":false,"sceneViewState":{"m_AlwaysRefresh":false,"showFog":true,"showSkybox":true,"showFlares":true,"showImageEffects":true,"showParticleSystems":true,"showVisualEffectGraphs":true,"m_FxEnabled":true},"in2DMode":false,"pivot":{"x":-0.08382415771484375,"y":0.900050163269043,"z":155.75070190429688},"rotation":{"x":0.38058605790138247,"y":0.6173694133758545,"z":-0.4186321198940277,"w":0.5501970052719116},"size":101.30326843261719,"orthographic":false}