{"cameraMode":{"drawMode":0,"name":"Shaded","section":"Shading Mode"},"sceneLighting":false,"audioPlay":false,"sceneViewState":{"m_AlwaysRefresh":false,"showFog":true,"showSkybox":true,"showFlares":true,"showImageEffects":true,"showParticleSystems":true,"showVisualEffectGraphs":true,"m_FxEnabled":true},"in2DMode":false,"pivot":{"x":10.46159553527832,"y":19.511211395263673,"z":141.39764404296876},"rotation":{"x":0.40886998176574709,"y":-0.43689823150634768,"z":0.23322172462940217,"w":0.7667522430419922},"size":6.560794353485107,"orthographic":false}