{"cameraMode":{"drawMode":0,"name":"Shaded","section":"Shading Mode"},"sceneLighting":false,"audioPlay":false,"sceneViewState":{"m_AlwaysRefresh":false,"showFog":true,"showSkybox":true,"showFlares":true,"showImageEffects":true,"showParticleSystems":true,"showVisualEffectGraphs":true,"m_FxEnabled":true},"in2DMode":false,"pivot":{"x":69.53819274902344,"y":33.109107971191409,"z":226.37689208984376},"rotation":{"x":0.0957992896437645,"y":-0.9027289152145386,"z":0.25905051827430727,"w":0.33338025212287905},"size":0.8660253882408142,"orthographic":false}