{"cameraMode":{"drawMode":0,"name":"Shaded","section":"Shading Mode"},"sceneLighting":false,"audioPlay":false,"sceneViewState":{"m_AlwaysRefresh":false,"showFog":true,"showSkybox":true,"showFlares":true,"showImageEffects":true,"showParticleSystems":true,"showVisualEffectGraphs":true,"m_FxEnabled":true},"in2DMode":false,"pivot":{"x":-1.1831982135772706,"y":-6.500516891479492,"z":-6.465414047241211},"rotation":{"x":0.45239096879959109,"y":-0.012179694138467312,"z":0.0060874056071043018,"w":0.8919225931167603},"size":8.555351257324219,"orthographic":false}