{"cameraMode":{"drawMode":0,"name":"Shaded","section":"Shading Mode"},"sceneLighting":false,"audioPlay":false,"sceneViewState":{"m_AlwaysRefresh":false,"showFog":true,"showSkybox":true,"showFlares":true,"showImageEffects":true,"showParticleSystems":true,"showVisualEffectGraphs":true,"m_FxEnabled":true},"in2DMode":false,"pivot":{"x":-1.9824272394180298,"y":23.495630264282228,"z":118.93690490722656},"rotation":{"x":-0.31213250756263735,"y":0.051420893520116809,"z":-0.022267676889896394,"w":-0.9491415619850159},"size":0.2938665747642517,"orthographic":false}