{"cameraMode":{"drawMode":0,"name":"Shaded","section":"Shading Mode"},"sceneLighting":false,"audioPlay":false,"sceneViewState":{"m_AlwaysRefresh":false,"showFog":true,"showSkybox":true,"showFlares":true,"showImageEffects":true,"showParticleSystems":true,"showVisualEffectGraphs":true,"m_FxEnabled":true},"in2DMode":false,"pivot":{"x":0.42923834919929507,"y":-34.53306579589844,"z":118.59884643554688},"rotation":{"x":0.17101505398750306,"y":-0.022910425439476968,"z":0.004675824660807848,"w":0.985652506351471},"size":32.072574615478519,"orthographic":false}