{"cameraMode":{"drawMode":0,"name":"Shaded","section":"Shading Mode"},"sceneLighting":false,"audioPlay":false,"sceneViewState":{"m_AlwaysRefresh":false,"showFog":true,"showSkybox":true,"showFlares":true,"showImageEffects":true,"showParticleSystems":true,"showVisualEffectGraphs":true,"m_FxEnabled":true},"in2DMode":false,"pivot":{"x":-21.726762771606447,"y":8.381391525268555,"z":31.383743286132814},"rotation":{"x":0.0016465242952108384,"y":0.9983525276184082,"z":0.03895990177989006,"w":-0.04434596002101898},"size":32.22676467895508,"orthographic":false}