{"cameraMode":{"drawMode":0,"name":"Shaded","section":"Shading Mode"},"sceneLighting":false,"audioPlay":false,"sceneViewState":{"m_AlwaysRefresh":false,"showFog":true,"showSkybox":true,"showFlares":true,"showImageEffects":true,"showParticleSystems":true,"showVisualEffectGraphs":true,"m_FxEnabled":true},"in2DMode":false,"pivot":{"x":41.52903747558594,"y":120.65155029296875,"z":222.55935668945313},"rotation":{"x":0.06903430074453354,"y":-0.8182558417320252,"z":0.5608373284339905,"w":0.11835336685180664},"size":19.64801597595215,"orthographic":false}