{"cameraMode":{"drawMode":0,"name":"Shaded","section":"Shading Mode"},"sceneLighting":false,"audioPlay":false,"sceneViewState":{"m_AlwaysRefresh":false,"showFog":true,"showSkybox":false,"showFlares":true,"showImageEffects":true,"showParticleSystems":true,"showVisualEffectGraphs":true,"m_FxEnabled":true},"in2DMode":false,"pivot":{"x":-40.220001220703128,"y":0.9498999714851379,"z":150.57000732421876},"rotation":{"x":0.31970715522766116,"y":-0.4328988194465637,"z":0.16941507160663606,"w":0.8263196349143982},"size":2.518437623977661,"orthographic":false}