{"cameraMode":{"drawMode":0,"name":"Shaded","section":"Shading Mode"},"sceneLighting":false,"audioPlay":false,"sceneViewState":{"m_AlwaysRefresh":false,"showFog":true,"showSkybox":false,"showFlares":true,"showImageEffects":true,"showParticleSystems":true,"showVisualEffectGraphs":true,"m_FxEnabled":true},"in2DMode":false,"pivot":{"x":1.0661050081253052,"y":10.068164825439454,"z":-3.404214382171631},"rotation":{"x":0.2842646539211273,"y":0.09507706761360169,"z":-0.012769670225679875,"w":0.9560924768447876},"size":4.122640609741211,"orthographic":false}