{"cameraMode":{"drawMode":0,"name":"Shaded","section":"Shading Mode"},"sceneLighting":false,"audioPlay":false,"sceneViewState":{"m_AlwaysRefresh":false,"showFog":true,"showSkybox":false,"showFlares":true,"showImageEffects":true,"showParticleSystems":true,"showVisualEffectGraphs":true,"m_FxEnabled":true},"in2DMode":false,"pivot":{"x":11.98356819152832,"y":6.026620864868164,"z":11.252861022949219},"rotation":{"x":0.44694453477859499,"y":0.07192667573690415,"z":-0.018918447196483613,"w":0.8937752842903137},"size":18.958194732666017,"orthographic":false}