{"cameraMode":{"drawMode":0,"name":"Shaded","section":"Shading Mode"},"sceneLighting":false,"audioPlay":false,"sceneViewState":{"m_AlwaysRefresh":false,"showFog":true,"showSkybox":false,"showFlares":true,"showImageEffects":true,"showParticleSystems":true,"showVisualEffectGraphs":true,"m_FxEnabled":true},"in2DMode":false,"pivot":{"x":-12.592552185058594,"y":22.646469116210939,"z":123.66281127929688},"rotation":{"x":0.03909594938158989,"y":-0.7743247151374817,"z":0.04806886985898018,"w":0.6297546625137329},"size":5.183728218078613,"orthographic":false}