{"cameraMode":{"drawMode":0,"name":"Shaded","section":"Shading Mode"},"sceneLighting":false,"audioPlay":false,"sceneViewState":{"m_AlwaysRefresh":false,"showFog":true,"showSkybox":false,"showFlares":true,"showImageEffects":true,"showParticleSystems":true,"showVisualEffectGraphs":true,"m_FxEnabled":true},"in2DMode":false,"pivot":{"x":-33.81999969482422,"y":-19.200000762939454,"z":42.38999938964844},"rotation":{"x":0.027421971783041955,"y":-0.9642643332481384,"z":0.2658599317073822,"w":0.04671145975589752},"size":0.8660253882408142,"orthographic":false}