{"cameraMode":{"drawMode":0,"name":"Shaded","section":"Shading Mode"},"sceneLighting":false,"audioPlay":false,"sceneViewState":{"m_AlwaysRefresh":false,"showFog":true,"showSkybox":false,"showFlares":true,"showImageEffects":true,"showParticleSystems":true,"showVisualEffectGraphs":true,"m_FxEnabled":true},"in2DMode":false,"pivot":{"x":0.9984649419784546,"y":2.5771803855895998,"z":0.7429335117340088},"rotation":{"x":0.012123877182602883,"y":0.9798063039779663,"z":-0.19433075189590455,"w":0.059820983558893207},"size":3.953336715698242,"orthographic":false}