{"cameraMode":{"drawMode":0,"name":"Shaded","section":"Shading Mode"},"sceneLighting":false,"audioPlay":false,"sceneViewState":{"m_AlwaysRefresh":false,"showFog":true,"showSkybox":false,"showFlares":true,"showImageEffects":true,"showParticleSystems":true,"showVisualEffectGraphs":true,"m_FxEnabled":true},"in2DMode":false,"pivot":{"x":-1.079375147819519,"y":0.2078445702791214,"z":-0.4992044270038605},"rotation":{"x":0.42900550365448,"y":-0.004335235338658094,"z":0.009210835210978985,"w":0.9043225049972534},"size":1.7802612781524659,"orthographic":false}