{"cameraMode":{"drawMode":0,"name":"Shaded","section":"Shading Mode"},"sceneLighting":false,"audioPlay":false,"sceneViewState":{"m_AlwaysRefresh":false,"showFog":true,"showSkybox":false,"showFlares":true,"showImageEffects":true,"showParticleSystems":true,"showVisualEffectGraphs":true,"m_FxEnabled":true},"in2DMode":false,"pivot":{"x":-0.009999999776482582,"y":0.21000000834465028,"z":-0.9670235514640808},"rotation":{"x":0.33818116784095766,"y":-0.5858027935028076,"z":0.31004610657691958,"w":0.6697448492050171},"size":0.46368592977523806,"orthographic":false}