{"cameraMode":{"drawMode":0,"name":"Shaded","section":"Shading Mode"},"sceneLighting":false,"audioPlay":false,"sceneViewState":{"m_AlwaysRefresh":false,"showFog":true,"showSkybox":false,"showFlares":true,"showImageEffects":true,"showParticleSystems":true,"showVisualEffectGraphs":true,"m_FxEnabled":true},"in2DMode":false,"pivot":{"x":-24.200000762939454,"y":0.10999999940395355,"z":141.8000030517578},"rotation":{"x":0.18707901239395142,"y":-0.5575442910194397,"z":0.13745450973510743,"w":0.7982008457183838},"size":100.37066650390625,"orthographic":false}