{"cameraMode":{"drawMode":0,"name":"Shaded","section":"Shading Mode"},"sceneLighting":false,"audioPlay":false,"sceneViewState":{"m_AlwaysRefresh":false,"showFog":true,"showSkybox":false,"showFlares":true,"showImageEffects":true,"showParticleSystems":true,"showVisualEffectGraphs":true,"m_FxEnabled":true},"in2DMode":false,"pivot":{"x":-4.072041988372803,"y":7.254563331604004,"z":1.9977200031280518},"rotation":{"x":0.16447493433952332,"y":0.02570774033665657,"z":0.0013155346969142557,"w":0.9868742227554321},"size":9.97287368774414,"orthographic":false}