{"cameraMode":{"drawMode":0,"name":"Shaded","section":"Shading Mode"},"sceneLighting":false,"audioPlay":false,"sceneViewState":{"m_AlwaysRefresh":false,"showFog":true,"showSkybox":false,"showFlares":true,"showImageEffects":true,"showParticleSystems":true,"showVisualEffectGraphs":true,"m_FxEnabled":true},"in2DMode":false,"pivot":{"x":-39.040000915527347,"y":-18.459999084472658,"z":24.64000701904297},"rotation":{"x":0.3367113769054413,"y":0.11871278285980225,"z":-0.057583119720220569,"w":0.9341942071914673},"size":1.8601161241531373,"orthographic":false}