{"cameraMode":{"drawMode":0,"name":"Shaded","section":"Shading Mode"},"sceneLighting":false,"audioPlay":false,"sceneViewState":{"m_AlwaysRefresh":false,"showFog":true,"showSkybox":false,"showFlares":true,"showImageEffects":true,"showParticleSystems":true,"showVisualEffectGraphs":true,"m_FxEnabled":true},"in2DMode":false,"pivot":{"x":-0.260699987411499,"y":1.5299999713897706,"z":1.8666000366210938},"rotation":{"x":0.5393012762069702,"y":0.03636179119348526,"z":0.008497699163854123,"w":0.8452785611152649},"size":4.222105979919434,"orthographic":false}