{"cameraMode":{"drawMode":0,"name":"Shaded","section":"Shading Mode"},"sceneLighting":false,"audioPlay":false,"sceneViewState":{"m_AlwaysRefresh":false,"showFog":true,"showSkybox":false,"showFlares":true,"showImageEffects":true,"showParticleSystems":true,"showVisualEffectGraphs":true,"m_FxEnabled":true},"in2DMode":false,"pivot":{"x":1.0965533256530762,"y":0.5222312808036804,"z":7.888384819030762},"rotation":{"x":0.1620042473077774,"y":0.048673663288354877,"z":0.01855384185910225,"w":0.9888310432434082},"size":4.222105979919434,"orthographic":false}