{"cameraMode":{"drawMode":0,"name":"Shaded","section":"Shading Mode"},"sceneLighting":false,"audioPlay":false,"sceneViewState":{"m_AlwaysRefresh":false,"showFog":true,"showSkybox":false,"showFlares":true,"showImageEffects":true,"showParticleSystems":true,"showVisualEffectGraphs":true,"m_FxEnabled":true},"in2DMode":false,"pivot":{"x":-2.358419418334961,"y":0.8781735301017761,"z":0.9120142459869385},"rotation":{"x":0.41222941875457766,"y":-0.17891961336135865,"z":0.11590882390737534,"w":0.8895919322967529},"size":4.222105979919434,"orthographic":false}